question,type,answer
joao 1,general_explanation,"Certainly! The passage you are referring to, ""João 1,"" is the first chapter of the Gospel of John in the Bible, which is also known as the Book of John. This Gospel begins with a profound introduction about the nature of Christ.

Here are some key points from John 1:

1. **The Word (Logos)**: The chapter begins with the statement, ""In the beginning was the Word, and the Word was with God, and the Word was God."" This highlights the pre-existence of Christ (the Word) before all creation. It establishes that Jesus is not just a messenger but is divine and integral to God's nature.

2. **Creation**: The passage goes on to state that all things were made through the Word, and without Him, nothing was made that was made. This emphasizes the role of Christ in creation, affirming that He is the source of life and light.

3. **Light and Life**: John describes the Word as the ""light of men,"" which shines in the darkness, symbolizing hope and salvation in a world marred by sin.

4. **John the Baptist**: The chapter introduces John the Baptist, who was sent to bear witness to the Light (Jesus) so that all might believe through him. John is not the Light himself but points others to it.

5. **Incarnation**: One of the most significant verses is John 1:14: ""And the Word became flesh and dwelt among us."" This reveals the incarnation of Christ, meaning that God took on human form and lived among humanity. It emphasizes His grace and truth.

6. **Witness and Belief**: The chapter concludes by emphasizing the importance of receiving Christ. Those who believe in Him are given the right to become children of God.

In summary, John 1 establishes the divinity of Christ, His role in creation, the significance of His coming to earth as a human, and the invitation for people to believe in Him and receive eternal life."
Mateus 1,general_explanation,"Matthew 1 is the first chapter of the New Testament and serves as an introduction to the Gospel of Matthew. It primarily focuses on the genealogy of Jesus Christ and His birth. Here’s a breakdown of the key elements:

1. **Genealogy of Jesus (Matthew 1:1-17)**: This section traces the lineage of Jesus back to Abraham, emphasizing His Jewish heritage. It lists various generations, showcasing God’s faithfulness in preserving a line through which the Messiah would come. Notably, it includes both men and women, highlighting the inclusion of figures like Tamar, Rahab, Ruth, and Bathsheba, which reflects God's grace and purpose working through unexpected people.

2. **The Birth of Jesus (Matthew 1:18-25)**: This part details the circumstances surrounding Jesus' birth. It explains how Mary, who was engaged to Joseph, was found to be with child through the Holy Spirit. Joseph initially planned to divorce her quietly but was reassured by an angel in a dream that he should not be afraid to take Mary as his wife because the child was conceived by the Holy Spirit. The angel also reveals that the child will be named Jesus, which means ""God saves,"" and that He will save His people from their sins. This affirms Jesus's role as the Savior.

3. **Fulfillment of Prophecy (Matthew 1:22-23)**: This section concludes with a quote from the prophet Isaiah, affirming that the birth of Jesus fulfills the prophecy concerning the Messiah being born of a virgin and called Emmanuel, which means ""God with us."" This highlights the divine nature of Jesus and God's presence with humanity.

In summary, Matthew 1 sets the stage for the life and ministry of Jesus by establishing His rightful heritage, emphasizing His miraculous birth, and showing how His coming fulfills Old Testament prophecies. It is a foundational chapter that introduces key themes of identity, divinity, and salvation in Christianity."
Mateus 1,pratical_explanation,"Certainly! The passage in Matthew 1 primarily deals with the genealogy of Jesus Christ and the circumstances surrounding His birth. 

### Overview of Matthew 1

1. **Genealogy of Jesus (Matthew 1:1-17)**:
   - The chapter begins with a record of the genealogy of Jesus, tracing His lineage back to Abraham. This genealogy highlights Jesus' Jewish heritage and His rightful place in the line of David, fulfilling Old Testament prophecies concerning the Messiah.
   - The list includes notable figures such as Abraham, Isaac, Jacob, and David, showing that Jesus is a part of God's covenant promises throughout history.
   - By including women like Tamar, Rahab, Ruth, and Bathsheba in this genealogy, Matthew demonstrates God's grace and the inclusion of all people in His redemptive plan.

2. **Birth of Jesus (Matthew 1:18-25)**:
   - The narrative shifts to the conception of Jesus, describing how Mary was found to be with child through the Holy Spirit before she and Joseph came together. This emphasizes the divine nature of Jesus' birth.
   - Joseph, initially troubled by Mary's pregnancy, receives a message from an angel in a dream, assuring him that the child is conceived by the Holy Spirit and will save His people from their sins. Joseph's obedience highlights the importance of faith and trust in God's plan, even amidst confusion and uncertainty.
   - The chapter concludes by affirming that Jesus will be named ""Immanuel,"" which means ""God with us."" This underscores the significant theme of God’s presence among His people.

### Application in Everyday Life

1. **Understanding Heritage**:
   - As Christians, understanding Jesus' genealogy invites us to reflect on the larger story of God's redemptive work through history. It reminds us that we have a place in this ongoing story.

2. **Faith in Adversity**:
   - Joseph's response to his circumstances encourages us to trust God even when situations seem unclear or daunting. As he obeyed the angel’s command, we can also seek God’s guidance and be willing to follow His leading, even when it may not align with societal expectations.

3. **God’s Inclusivity**:
   - By including various individuals in the genealogy, we see that God's grace extends to all, regardless of their past or circumstances. This serves as a powerful reminder that the message of salvation through Jesus is for everyone.

4. **Recognizing God’s Presence**:
   - The name ""Immanuel"" serves not only as a description of Jesus but also as a comfort to us today. We are reminded that God is with us in our daily lives, encouraging us to live in awareness of His presence and guidance.

In summary, Matthew 1 encapsulates a profound message of heritage, faith, grace, and the assurance of God’s presence through Christ, which continues to resonate with believers today."
